section,item
BUD / BUD LIGHT,BUD LIGHT 2/12 CAN 12oz
BUD / BUD LIGHT,BUD LIGHT 2/12 NR 12oz
BUD / BUD LIGHT,BUD LIGHT 4/6 CAN 12oz
BUD / BUD LIGHT,BUD LIGHT 4/6 NR 12oz
BUD / BUD LIGHT,BUD LIGHT 30/CAN 12oz
BUD / BUD LIGHT,BUD LIGHT LIME 4/6 NR
BUD / BUD LIGHT,BUD ZERO 2/12 CAN 12oz
BUD / BUD LIGHT,BUDWEISER 2/12 CAN 12oz
BUD / BUD LIGHT,BUDWEISER 30/CAN 12oz
BUD / BUD LIGHT,BUDWEISER 4/6 CAN 12oz
BUD / BUD LIGHT,BUSCH LIGHT 30/CAN 12oz
BUD / BUD LIGHT,BUSCH N/A 2/12 CAN 12oz
ROLLING ROCK,ROLLING ROCK 4/6 NR 12oz
ROLLING ROCK,ROLLING ROCK 18/CAN 12oz
MICH ULTRA,MICH ULTRA 2/12 CAN 12oz
MICH ULTRA,MICH ULTRA 2/12 NR 12oz
MICH ULTRA,MICH ULTRA 18/CAN 12oz
MICH ULTRA,MICH ULTRA ORGANIC PP 4/6 NR
MICH ULTRA,MICH ULTRA ZERO 2/12 CAN 12oz
MICH ULTRA,MICH ULTRA ZERO LIME NA 4/6 NR
STELLA,STELLA 2/12 NR 11.2oz
STELLA,STELLA 4/6 NR 11.2oz
STELLA,STELLA ARTOIS 25oz CAN
HOEGAARDEN,HOEGAARDEN 4/6 NR 11.2oz
KONA,KONA BIG WAVE GOLDEN ALE 4/6
WORMTOWN,WORMTOWN BE HOPPY 2/12 CAN 12oz
WORMTOWN,WORMTOWN BE HOPPY 4/6 NR 12oz
NUTRL,NUTRL CRAN VP 3/8 CAN 12oz
NUTRL,NUTRL FRUIT VP 3/8 CAN 12oz
NUTRL,NUTRL LEMONADE VP 3/8 CAN
NUTRL,NUTRL BLUEBERRY 4/CAN
CUTWATER,CUTWATER LIME MARGARITA CANS
CUTWATER,CUTWATER MANGO MARGARITA CANS
CUTWATER,CUTWATER LEMON DROP MARTINI CANS
CUTWATER,CUTWATER TIKI RUM MAI TAI CANS
SIERRA NEVADA,SIERRA NEVADA PALE ALE 2/12 NR
SIERRA NEVADA,SIERRA NEVADA HAZY IPA 4/6 CAN
SIERRA NEVADA,SIERRA NEVADA SUMMER 4/6 CAN
SIERRA NEVADA,SIERRA NEVADA CITRA LIL THING
N/A & SINGLES,O'DOULS 4/6 NR
N/A & SINGLES,MASSHOLE LIGHT 12/CAN
N/A & SINGLES,KIRIN ICHIBAN 6PK BOTTLES
BUD / BUD LIGHT,KITIN
SIERRA NEVADA,SIERRA NEVADA TORPEDO 4/6 NR
SIERRA NEVADA,SIERRA NEVADA TORPEDO 4/6 NR
SIERRA NEVADA,SIERRA NEVADA TORPEDO 4/6 NR
SIERRA NEVADA,SIERRA NEVADA TORPEDO 4/6 NR
WORMTOWN,WORMTOWN BE JUICY 4/6 CAN 12OZ
SIERRA NEVADA,SIERRA NEVADA TORPEDO 4/6 NR
BUD / BUD LIGHT,KITIN
WORMTOWN,WORMTOWN BE BERRY 4/6 CAN 12OZ
WORMTOWN,WORMTOWN BE BERRY 4/6 CAN
WORMTOWN,WORMTOWN BE BERRY 4/6 CAN
WORMTOWN,WORMTOWN BE BERRY 4/6 CAN 12OZ
MICH ULTRA,MICH ULTRA 24/CAN
WORMTOWN,WORMTOWN BE BERRY 4/6 CAN
